City_ID,City,Country,Date,Lat,Lng,Max Temp,Humidity,Cloudiness,Wind Speed
0,Albany,US,2021-11-06 13:42:01,42.6001,-73.9662,39.81,94,23,0.54
1,Zhigansk,RU,2021-11-06 13:45:56,66.7697,123.3711,-8.01,97,79,8.14
2,Bluff,NZ,2021-11-06 13:45:56,-46.6,168.3333,50.81,85,100,7.02
3,Punta Arenas,CL,2021-11-06 13:45:38,-53.15,-70.9167,51.91,66,75,12.66
4,Bauchi,NG,2021-11-06 13:45:56,10.5,10.0,95.92,14,100,8.55
5,Hilo,US,2021-11-06 13:45:57,19.7297,-155.09,71.8,78,40,4.61
6,Maragogi,BR,2021-11-06 13:45:57,-9.0122,-35.2225,87.22,56,31,13.44
7,Kapaa,US,2021-11-06 13:45:57,22.0752,-159.319,75.52,81,75,5.01
8,Margate,GB,2021-11-06 13:45:58,51.3813,1.3862,55.96,70,100,1.99
9,Lucea,JM,2021-11-06 13:45:58,18.451,-78.1736,82.26,73,100,2.1
10,Kenai,US,2021-11-06 13:45:58,60.5544,-151.2583,33.15,96,90,3.44
11,Puerto Ayora,EC,2021-11-06 13:45:59,-0.7393,-90.3518,69.44,74,90,8.93
12,Mataura,NZ,2021-11-06 13:45:59,-46.1927,168.8643,50.49,98,93,1.5
13,Cherskiy,RU,2021-11-06 13:45:59,68.75,161.3,1.65,81,90,11.05
14,Rikitea,PF,2021-11-06 13:46:00,-23.1203,-134.9692,74.79,80,100,15.68
15,Broome,US,2021-11-06 13:46:00,42.2506,-75.833,39.36,89,1,1.99
16,Mahebourg,MU,2021-11-06 13:46:00,-20.4081,57.7,80.26,78,75,9.22
17,Karratha,AU,2021-11-06 13:46:01,-20.7377,116.8463,79.12,61,87,15.75
18,Qaanaaq,GL,2021-11-06 13:46:01,77.484,-69.3632,9.34,72,99,8.86
19,Nome,US,2021-11-06 13:43:40,64.5011,-165.4064,21.27,73,90,10.36
20,Butaritari,KI,2021-11-06 13:46:02,3.0707,172.7902,81.52,73,100,13.73
21,Torbay,CA,2021-11-06 13:46:03,47.6666,-52.7314,39.58,86,75,19.57
22,Georgetown,MY,2021-11-06 13:45:36,5.4112,100.3354,83.95,92,40,13.0
23,Iqaluit,CA,2021-11-06 13:46:04,63.7506,-68.5145,13.73,78,90,15.99
24,Kodiak,US,2021-11-06 13:46:04,57.79,-152.4072,32.29,81,75,9.33
25,Great Falls,US,2021-11-06 13:43:35,47.5002,-111.3008,47.68,53,1,3.0
26,Hermanus,ZA,2021-11-06 13:46:04,-34.4187,19.2345,64.8,60,34,12.15
27,Corinto,GR,2021-11-06 13:46:05,37.9407,22.9573,81.61,47,100,3.49
28,Rawlins,US,2021-11-06 13:46:05,41.7911,-107.2387,53.82,37,1,8.05
29,Guerrero Negro,MX,2021-11-06 13:46:05,27.9769,-114.0611,63.0,87,4,4.97
30,Severo-Kurilsk,RU,2021-11-06 13:46:06,50.6789,156.125,35.29,76,7,3.42
31,Tura,IN,2021-11-06 13:46:06,25.5198,90.2201,64.58,88,13,3.51
32,Pineville,US,2021-11-06 13:46:07,31.3224,-92.4343,50.23,91,90,0.0
33,Ushuaia,AR,2021-11-06 13:46:00,-54.8,-68.3,46.06,71,75,24.16
34,Lavrentiya,RU,2021-11-06 13:46:07,65.5833,-171.0,3.58,85,59,10.09
35,Padang,ID,2021-11-06 13:44:51,-0.9492,100.3543,75.25,89,100,8.12
36,Port Alfred,ZA,2021-11-06 13:46:07,-33.5906,26.891,63.54,80,100,4.07
37,Ngerengere,TZ,2021-11-06 13:46:08,-6.75,38.1167,98.67,31,98,13.58
38,Yulara,AU,2021-11-06 13:46:08,-25.2406,130.9889,71.44,64,100,0.0
39,San Cristobal,VE,2021-11-06 13:46:08,7.7669,-72.225,73.58,54,71,7.27
40,Salalah,OM,2021-11-06 13:46:09,17.0151,54.0924,79.0,67,23,2.17
41,Bambous Virieux,MU,2021-11-06 13:46:09,-20.3428,57.7575,80.22,78,75,9.22
42,Antalaha,MG,2021-11-06 13:46:10,-14.9003,50.2788,79.86,68,62,12.71
43,Henties Bay,NA,2021-11-06 13:46:10,-22.116,14.2845,64.36,71,21,18.92
44,Avarua,CK,2021-11-06 13:46:10,-21.2078,-159.775,73.45,73,90,8.05
45,Saldanha,ZA,2021-11-06 13:46:11,-33.0117,17.9442,69.85,61,100,17.38
46,Jamestown,US,2021-11-06 13:44:17,42.097,-79.2353,40.71,89,1,1.01
47,Ayan,RU,2021-11-06 13:47:11,56.45,138.1667,15.03,58,100,26.46
48,Port Hardy,CA,2021-11-06 13:45:51,50.6996,-127.4199,41.0,93,40,6.91
49,Contamana,PE,2021-11-06 13:47:11,-7.3333,-75.0167,85.46,56,85,6.44
50,Tasiilaq,GL,2021-11-06 13:47:12,65.6145,-37.6368,12.22,69,52,7.2
51,Cape Town,ZA,2021-11-06 13:47:12,-33.9258,18.4232,69.12,46,20,16.11
52,Launceston,AU,2021-11-06 13:47:13,-41.45,147.1667,59.14,93,75,5.01
53,Hambantota,LK,2021-11-06 13:47:13,6.1241,81.1185,79.14,100,40,6.91
54,Carnarvon,AU,2021-11-06 13:47:13,-24.8667,113.6333,68.07,73,0,23.02
55,Mar Del Plata,AR,2021-11-06 13:47:14,-38.0023,-57.5575,53.87,77,0,8.99
56,Dzaoudzi,YT,2021-11-06 13:47:14,-12.7887,45.2699,84.09,70,75,6.91
57,Khatanga,RU,2021-11-06 13:47:15,71.9667,102.5,10.45,92,100,15.41
58,Bowen,AU,2021-11-06 13:47:15,-20.0167,148.2333,70.02,70,51,13.24
59,New Norfolk,AU,2021-11-06 13:47:15,-42.7826,147.0587,60.71,67,84,3.0
60,Yumen,CN,2021-11-06 13:47:15,40.2833,97.2,14.9,36,0,13.22
61,Palmer,US,2021-11-06 13:47:16,42.1584,-72.3287,41.63,60,0,1.99
62,Sivas,TR,2021-11-06 13:47:16,39.7916,37.0019,65.03,17,0,13.8
63,Caravelas,BR,2021-11-06 13:47:17,-17.7125,-39.2481,81.0,61,56,9.31
64,Touros,BR,2021-11-06 13:47:17,-5.1989,-35.4608,86.9,58,95,11.81
65,East London,ZA,2021-11-06 13:44:45,-33.0153,27.9116,70.74,60,0,10.36
66,Santa Cruz,BO,2021-11-06 13:44:35,-17.8,-63.1667,60.85,82,90,13.8
67,Marawi,PH,2021-11-06 13:47:18,7.9986,124.2928,71.65,95,100,1.5
68,Bundaberg,AU,2021-11-06 13:47:18,-24.85,152.35,74.21,75,90,3.0
69,Kimbe,PG,2021-11-06 13:47:18,-5.5502,150.1429,76.84,87,49,3.11
70,Bogoslovka,RU,2021-11-06 13:47:19,53.2084,44.8013,47.61,69,100,20.47
71,Santa Cruz De Tenerife,ES,2021-11-06 13:47:19,28.4682,-16.2546,76.21,60,75,4.0
72,Christchurch,NZ,2021-11-06 13:47:20,-43.5333,172.6333,54.91,83,90,4.0
73,Yuli,NG,2021-11-06 13:47:20,9.6989,10.2744,97.63,24,100,4.7
74,Youkounkoun,GN,2021-11-06 13:47:21,12.5333,-13.1333,99.09,34,86,2.37
75,Busselton,AU,2021-11-06 13:47:21,-33.65,115.3333,50.09,74,0,12.62
76,Korla,CN,2021-11-06 13:47:22,41.7597,86.1469,29.05,38,0,4.81
77,Half Moon Bay,US,2021-11-06 13:47:22,37.4636,-122.4286,57.02,94,90,4.61
78,Bredasdorp,ZA,2021-11-06 13:47:22,-34.5322,20.0403,67.32,42,88,12.66
79,Placido De Castro,BR,2021-11-06 13:47:22,-10.3353,-67.1856,86.29,51,100,2.1
80,Barrow,US,2021-11-06 13:47:23,71.2906,-156.7887,19.42,93,75,11.5
81,Portland,US,2021-11-06 13:46:15,45.5234,-122.6762,49.21,93,90,1.99
82,Riyadh,SA,2021-11-06 13:43:22,24.6877,46.7219,89.74,17,1,7.58
83,Angoche,MZ,2021-11-06 13:47:23,-16.2325,39.9086,82.58,64,57,10.58
84,Hobart,AU,2021-11-06 13:47:24,-42.8794,147.3294,61.05,90,90,9.22
85,Clyde River,CA,2021-11-06 13:47:24,70.4692,-68.5914,19.63,79,40,5.75
86,Vaini,TO,2021-11-06 13:47:24,-21.2,-175.2,75.36,94,75,4.61
87,Muret,FR,2021-11-06 13:47:25,43.3333,1.25,52.79,71,9,4.0
88,Airai,TL,2021-11-06 13:47:25,-8.9266,125.4092,64.29,92,60,1.03
89,Gombong,ID,2021-11-06 13:47:25,-7.6072,109.5142,75.83,87,100,1.88
90,Kudahuvadhoo,MV,2021-11-06 13:47:26,2.6708,72.8944,82.6,72,98,15.28
91,Atuona,PF,2021-11-06 13:47:26,-9.8,-139.0333,78.17,71,83,20.78
92,Port Elizabeth,ZA,2021-11-06 13:48:26,-33.918,25.5701,66.09,77,90,4.61
93,Belmonte,BR,2021-11-06 13:48:27,-15.8631,-38.8828,81.1,87,88,8.08
94,Bethel,US,2021-11-06 13:48:28,41.3712,-73.414,46.65,75,0,2.82
95,Dayong,CN,2021-11-06 13:48:29,25.0209,118.2898,75.88,93,79,2.42
96,Sorland,NO,2021-11-06 13:48:29,67.667,12.6934,41.07,72,100,29.73
97,Los Planes,HN,2021-11-06 13:48:30,14.05,-88.0167,57.34,82,83,8.43
98,Port-Gentil,GA,2021-11-06 13:48:30,-0.7193,8.7815,84.16,74,40,14.97
99,Kaitangata,NZ,2021-11-06 13:48:31,-46.2817,169.8464,50.94,73,78,4.5
100,Saly,HU,2021-11-06 13:48:31,47.95,20.6667,51.01,60,43,2.59
101,Geraldton,AU,2021-11-06 13:48:31,-28.7667,114.6,63.01,72,40,18.41
102,Itapetininga,BR,2021-11-06 13:48:31,-23.5917,-48.0531,81.72,41,94,6.91
103,Asau,RO,2021-11-06 13:48:32,46.4333,26.4,55.4,51,100,0.38
104,Nanortalik,GL,2021-11-06 13:48:32,60.1432,-45.2371,34.02,71,100,10.4
105,Hasaki,JP,2021-11-06 13:48:33,35.7333,140.8333,54.28,60,100,9.93
106,Inuvik,CA,2021-11-06 13:48:33,68.3499,-133.7218,18.36,89,90,6.91
107,Leningradskiy,RU,2021-11-06 13:48:33,69.3833,178.4167,-12.51,88,2,5.46
108,Pisco,PE,2021-11-06 13:48:34,-13.7,-76.2167,66.02,82,90,4.61
109,Pangnirtung,CA,2021-11-06 13:48:34,66.1451,-65.7125,14.23,59,14,11.52
110,Fare,PF,2021-11-06 13:48:35,-16.7,-151.0167,77.92,76,44,6.11
111,Dawei,MM,2021-11-06 13:48:36,14.0833,98.2,77.99,91,100,2.89
112,Dauriya,RU,2021-11-06 13:48:36,49.9333,116.8667,16.23,43,0,10.16
113,Taltal,CL,2021-11-06 13:48:37,-25.4,-70.4833,65.93,64,0,6.98
114,Mitsamiouli,KM,2021-11-06 13:48:37,-11.3847,43.2844,84.49,70,75,5.75
115,Colon,PA,2021-11-06 13:48:37,9.3592,-79.9014,86.23,82,99,1.86
116,Kefamenanu,ID,2021-11-06 13:48:38,-9.4467,124.4781,76.26,89,99,1.45
117,Katsuura,JP,2021-11-06 13:48:38,35.1333,140.3,61.2,71,100,10.25
118,Berlevag,NO,2021-11-06 13:48:38,70.8578,29.0864,35.01,71,100,24.85
119,Hithadhoo,MV,2021-11-06 13:48:39,-0.6,73.0833,81.84,75,100,13.2
120,Arraial Do Cabo,BR,2021-11-06 13:48:39,-22.9661,-42.0278,76.96,64,40,5.75
121,Guiyang,CN,2021-11-06 13:48:40,26.5833,106.7167,61.29,88,90,11.18
122,Ostrovnoy,RU,2021-11-06 13:48:40,68.0531,39.5131,35.01,99,100,2.91
123,Bunia,CD,2021-11-06 13:48:40,1.5667,30.25,76.87,61,46,8.81
124,Chokurdakh,RU,2021-11-06 13:48:41,70.6333,147.9167,9.48,95,100,6.51
125,Cidreira,BR,2021-11-06 13:48:41,-30.1811,-50.2056,71.06,80,99,7.87
126,Axim,GH,2021-11-06 13:48:42,4.8699,-2.2405,82.98,75,100,7.16
127,Cabo San Lucas,MX,2021-11-06 13:48:42,22.8909,-109.9124,74.52,71,20,0.0
128,Lhokseumawe,ID,2021-11-06 13:48:42,5.1801,97.1507,79.3,87,99,6.82
129,Chuy,UY,2021-11-06 13:48:43,-33.6971,-53.4616,66.29,55,99,14.27
130,Mogadishu,SO,2021-11-06 13:48:21,2.0371,45.3438,84.07,89,20,13.8
131,Uvira,CD,2021-11-06 13:48:43,-3.4067,29.1458,82.45,58,72,5.53
132,Praia Da Vitoria,PT,2021-11-06 13:48:43,38.7333,-27.0667,73.65,78,20,21.77
133,Piet Retief,ZA,2021-11-06 13:46:39,-27.0071,30.8132,83.75,38,50,7.43
134,Nikolskoye,RU,2021-11-06 13:48:44,59.7035,30.7861,43.88,83,46,7.31
135,Avera,US,2021-11-06 13:48:44,33.194,-82.5271,45.72,58,100,13.35
136,Alyangula,AU,2021-11-06 13:48:45,-13.8483,136.4192,80.47,83,6,4.61
137,Flinders,AU,2021-11-06 13:48:45,-34.5833,150.8552,67.21,86,78,1.01
138,Weligama,LK,2021-11-06 13:48:45,5.9667,80.4167,77.95,88,98,11.77
139,Sur,OM,2021-11-06 13:49:45,22.5667,59.5289,79.66,47,1,5.28
140,Dewas,IN,2021-11-06 13:49:46,22.9667,76.0667,75.38,38,87,6.04
141,Covington,US,2021-11-06 13:49:31,39.0837,-84.5086,41.58,84,1,0.0
142,Saint-Philippe,RE,2021-11-06 13:49:46,-21.3585,55.7679,80.19,78,46,9.69
143,Dingle,PH,2021-11-06 13:49:47,10.9995,122.6711,77.36,90,100,5.57
144,Russell,US,2021-11-06 13:49:47,32.3502,-85.1999,47.97,69,75,4.61
145,Prince Rupert,CA,2021-11-06 13:49:48,54.3161,-130.3201,40.69,87,100,17.27
146,Tual,ID,2021-11-06 13:49:48,-5.6667,132.75,83.84,73,99,4.88
147,Elko,US,2021-11-06 13:49:45,41.0002,-115.5012,39.63,65,24,5.99
148,Coolum Beach,AU,2021-11-06 13:49:49,-26.5333,153.1,67.33,87,86,4.38
149,Panaba,MX,2021-11-06 13:49:49,21.2833,-88.2667,77.79,64,6,11.18
150,Sao Filipe,CV,2021-11-06 13:49:49,14.8961,-24.4956,80.87,67,25,7.07
151,Port Blair,IN,2021-11-06 13:49:50,11.6667,92.75,81.9,79,100,8.28
152,Hillsborough,US,2021-11-06 13:49:50,37.5741,-122.3794,56.43,94,90,6.91
153,Mayo,US,2021-11-06 13:49:51,38.8876,-76.5119,49.98,77,1,4.0
154,Tilichiki,RU,2021-11-06 13:49:51,60.4667,166.1,17.64,97,96,0.94
155,Adrar,MR,2021-11-06 13:49:51,20.5022,-10.0711,86.43,20,27,5.64
156,Bengkulu,ID,2021-11-06 13:49:52,-3.8004,102.2655,76.68,92,100,6.93
157,Sidi Ali,DZ,2021-11-06 13:49:52,36.0998,0.4206,55.71,72,100,29.44
158,Port Macquarie,AU,2021-11-06 13:49:52,-31.4333,152.9167,64.36,87,100,11.88
159,Aksarka,RU,2021-11-06 13:49:53,66.5606,67.7975,33.48,98,100,16.91
160,Yuxia,CN,2021-11-06 13:49:53,34.0615,108.6291,38.01,93,100,8.19
161,Lorengau,PG,2021-11-06 13:49:53,-2.0226,147.2712,82.15,79,57,9.51
162,San Patricio,US,2021-11-06 13:49:54,28.017,-97.5169,62.83,63,0,6.71
163,Ucluelet,CA,2021-11-06 13:48:29,48.9329,-125.5528,43.09,92,100,5.03
164,Makakilo City,US,2021-11-06 13:49:09,21.3469,-158.0858,75.56,71,20,3.44
165,Luderitz,NA,2021-11-06 13:49:54,-26.6481,15.1594,69.22,56,100,30.47
166,Castro,BR,2021-11-06 13:49:55,-24.7911,-50.0119,76.71,69,46,1.59
167,Saskylakh,RU,2021-11-06 13:49:55,71.9167,114.0833,8.92,89,100,18.03
168,Werda,BW,2021-11-06 13:49:56,-25.2667,23.2833,98.37,8,21,15.64
169,Gambela,ET,2021-11-06 13:49:56,8.25,34.5833,92.43,39,10,2.19
170,Fortuna Foothills,US,2021-11-06 13:49:49,32.6578,-114.4119,60.89,49,1,0.0
171,Xinan,CN,2021-11-06 13:49:57,26.72,119.8556,68.97,95,46,6.31
172,Qui Nhon,VN,2021-11-06 13:45:53,13.7667,109.2333,77.41,83,60,3.44
173,Caarapo,BR,2021-11-06 13:49:57,-22.6342,-54.8222,80.8,65,100,3.85
174,Faanui,PF,2021-11-06 13:49:58,-16.4833,-151.75,79.16,71,13,5.37
175,Victoria,HK,2021-11-06 13:45:03,22.2855,114.1577,80.65,82,26,3.0
176,Ergani,TR,2021-11-06 13:49:58,38.2653,39.7621,70.52,33,0,5.12
177,Moerai,PF,2021-11-06 13:49:59,-22.4333,-151.3333,71.49,69,10,10.94
178,Novosergiyevka,RU,2021-11-06 13:49:59,52.0934,53.6528,35.94,31,100,16.37
179,Bandarbeyla,SO,2021-11-06 13:49:59,9.4942,50.8122,78.71,65,23,14.25
180,Tuktoyaktuk,CA,2021-11-06 13:50:00,69.4541,-133.0374,19.4,93,90,19.57
181,Morant Bay,JM,2021-11-06 13:50:00,17.8815,-76.4093,85.62,80,100,9.08
182,Constitucion,CL,2021-11-06 13:50:01,-35.3333,-72.4167,57.63,65,58,7.31
183,Hailun,CN,2021-11-06 13:50:02,47.45,126.9333,20.82,41,100,5.86
184,Henderson,US,2021-11-06 13:45:18,36.0397,-114.9819,62.24,41,1,0.0
185,Alofi,NU,2021-11-06 13:50:03,-19.0595,-169.9187,73.29,88,57,6.91
186,Cozumel,MX,2021-11-06 13:50:02,20.5083,-86.9458,77.95,79,2,7.0
187,Rahden,DE,2021-11-06 13:51:03,52.4333,8.6167,50.25,80,100,16.84
188,Manali,IN,2021-11-06 13:51:04,13.1667,80.2667,78.89,87,81,10.78
189,Longyearbyen,SJ,2021-11-06 13:48:20,78.2186,15.6401,22.84,68,75,16.11
190,Manzil Salim,TN,2021-11-06 13:51:04,35.8567,8.4765,66.2,48,56,11.01
191,Grand Gaube,MU,2021-11-06 13:51:05,-20.0064,57.6608,80.38,70,18,7.0
192,Tomari,RU,2021-11-06 13:51:05,47.7658,142.0683,43.16,80,100,24.36
193,Paamiut,GL,2021-11-06 13:51:05,61.994,-49.6678,29.84,90,100,11.74
194,Alcaniz,ES,2021-11-06 13:51:06,41.05,-0.1333,58.42,42,0,25.52
195,Provideniya,RU,2021-11-06 13:51:06,64.3833,-173.3,6.44,81,3,7.4
196,San Jeronimo,PE,2021-11-06 13:51:07,-11.9472,-75.2829,56.25,62,75,2.33
197,Kavieng,PG,2021-11-06 13:51:07,-2.5744,150.7967,83.71,72,72,15.82
198,Yellowknife,CA,2021-11-06 13:51:08,62.456,-114.3525,29.41,99,90,8.05
199,Atar,MR,2021-11-06 13:51:08,20.5169,-13.0499,89.92,18,0,5.44
200,Sangar,RU,2021-11-06 13:51:09,63.9242,127.4739,2.41,95,100,5.37
201,Salinopolis,BR,2021-11-06 13:51:09,-0.6136,-47.3561,85.33,68,85,9.84
202,Fuerte Olimpo,PY,2021-11-06 13:51:09,-21.0415,-57.8738,61.39,92,100,7.18
203,Husavik,IS,2021-11-06 13:51:10,66.0449,-17.3389,33.71,96,100,17.81
204,Guanajuato,MX,2021-11-06 13:47:35,21.0186,-101.2591,54.72,68,3,4.83
205,Wagar,SD,2021-11-06 13:51:11,16.1525,36.2032,96.93,19,2,7.16
206,Coquimbo,CL,2021-11-06 13:51:11,-29.9533,-71.3436,56.93,76,75,3.44
207,Upernavik,GL,2021-11-06 13:51:11,72.7868,-56.1549,11.19,76,1,6.53
208,Ahuimanu,US,2021-11-06 13:51:12,21.4447,-157.8378,76.75,73,75,9.22
209,Nantucket,US,2021-11-06 13:48:39,41.2835,-70.0995,50.11,56,1,0.0
210,Ryotsu,JP,2021-11-06 13:51:12,38.0833,138.4333,57.4,67,47,8.1
211,Dikson,RU,2021-11-06 13:48:32,73.5069,80.5464,16.79,93,100,17.9
212,Hashtrud,IR,2021-11-06 13:51:13,37.4779,47.0508,46.9,36,0,5.14
213,Ponta Do Sol,PT,2021-11-06 13:51:13,32.6667,-17.1,74.12,48,8,6.78
214,Farafangana,MG,2021-11-06 13:51:14,-22.8167,47.8333,74.79,64,12,7.49
215,Sharan,RU,2021-11-06 13:51:14,54.8167,54.0,39.22,35,100,25.39
216,Nazarovo,RU,2021-11-06 13:51:14,56.0064,90.3914,23.18,95,100,12.21
217,Taoudenni,ML,2021-11-06 13:51:15,22.6783,-3.9836,89.67,13,0,10.04
218,Karpogory,RU,2021-11-06 13:51:15,64.0019,44.4451,39.06,80,100,8.99
219,Krasnyy Oktyabr,RU,2021-11-06 13:51:16,56.1167,38.8833,44.11,77,92,11.41
220,Soria,ES,2021-11-06 13:51:16,41.6667,-2.6667,44.85,45,0,11.23
221,Alihe,CN,2021-11-06 13:51:17,50.5667,123.7167,19.35,38,3,7.31
222,Port Hedland,AU,2021-11-06 13:51:17,-20.3167,118.5667,78.85,78,2,9.22
223,Laguna,US,2021-11-06 13:51:17,38.421,-121.4238,57.7,93,75,0.0
224,Norman Wells,CA,2021-11-06 13:51:18,65.282,-126.8329,19.44,86,75,0.0
225,Gat,IL,2021-11-06 13:51:18,31.61,34.7642,85.41,35,7,12.03
226,Zhanaozen,KZ,2021-11-06 13:51:18,43.3,52.8,41.58,26,0,11.25
227,Moron,AR,2021-11-06 13:51:19,-34.6534,-58.6198,67.8,54,70,7.0
228,Ribeira Grande,PT,2021-11-06 13:51:19,38.5167,-28.7,73.8,83,75,18.41
229,Tautira,PF,2021-11-06 13:51:20,-17.7333,-149.15,77.02,77,100,6.53
230,Lagoa,PT,2021-11-06 13:52:20,39.05,-27.9833,68.45,85,100,26.91
231,Kamenka,RU,2021-11-06 13:52:21,51.3223,42.7678,50.14,65,100,17.02
232,Xiaoweizhai,CN,2021-11-06 13:52:21,26.1903,107.5125,62.85,98,97,3.4
233,Krasnoselkup,RU,2021-11-06 13:52:21,65.7,82.4667,22.8,96,100,18.95
234,Dobryanka,RU,2021-11-06 13:52:22,58.4619,56.4165,35.46,90,100,14.45
235,Dicabisagan,PH,2021-11-06 13:52:22,17.0818,122.4157,79.25,88,23,1.07
236,Poso,ID,2021-11-06 13:52:22,-1.3959,120.7524,78.69,88,96,4.99
237,Byron Bay,AU,2021-11-06 13:52:23,-28.65,153.6167,67.95,87,100,8.55
238,Saint George,US,2021-11-06 13:49:45,37.1041,-113.5841,60.35,66,1,0.0
239,Faya,SA,2021-11-06 13:52:23,18.3851,42.4509,69.91,47,17,10.11
240,Vostok,RU,2021-11-06 13:52:24,46.4856,135.8833,21.18,92,100,4.99
241,Talnakh,RU,2021-11-06 13:52:24,69.4865,88.3972,8.22,95,100,13.62
242,Flin Flon,CA,2021-11-06 13:52:24,54.7682,-101.865,35.44,93,90,3.44
243,Comodoro Rivadavia,AR,2021-11-06 13:52:25,-45.8667,-67.5,75.06,19,0,21.85
244,Mount Isa,AU,2021-11-06 13:52:25,-20.7333,139.5,80.37,61,100,1.14
245,Pimentel,PE,2021-11-06 13:52:25,-6.8367,-79.9342,66.49,72,0,12.66
246,Barth,DE,2021-11-06 13:52:26,54.3635,12.7249,52.09,70,100,23.15
247,Chapais,CA,2021-11-06 13:52:26,49.7834,-74.8492,33.58,85,56,11.99
248,Lasa,IT,2021-11-06 13:52:27,46.6166,10.7002,45.63,67,0,0.94
249,Coihaique,CL,2021-11-06 13:52:27,-45.5752,-72.0662,56.01,66,0,3.44
250,Aron,IN,2021-11-06 13:52:28,24.3833,77.4167,69.12,35,100,6.78
251,Komsomolskiy,UZ,2021-11-06 13:52:28,40.4272,71.7189,41.72,48,75,2.3
252,Dongkan,CN,2021-11-06 13:52:28,33.9997,119.8308,60.6,91,0,7.63
253,Cuamba,MZ,2021-11-06 13:52:29,-14.8031,36.5372,100.83,11,74,10.8
254,Lat Yao,TH,2021-11-06 13:52:29,15.751,99.7893,78.94,81,62,2.48
255,Diego De Almagro,CL,2021-11-06 13:52:30,-26.3667,-70.05,73.06,21,0,5.7
256,Chaozhou,CN,2021-11-06 13:50:51,23.6651,116.6379,76.86,79,79,3.89
257,Salinas,US,2021-11-06 13:52:30,36.6777,-121.6555,56.39,84,1,0.0
258,Bilma,NE,2021-11-06 13:52:31,18.6853,12.9164,94.32,9,7,4.72
259,Znamensk,RU,2021-11-06 13:52:31,48.5842,45.7338,49.24,49,78,13.24
260,Molokovo,RU,2021-11-06 13:52:31,58.1661,36.7628,41.63,78,90,14.54
261,Fairbanks,US,2021-11-06 13:50:02,64.8378,-147.7164,26.56,87,90,0.0
262,Bilibino,RU,2021-11-06 13:52:32,68.0546,166.4372,-7.62,92,99,3.69
263,Esso,RU,2021-11-06 13:52:32,55.9333,158.7,6.89,93,10,4.0
264,Corumba,BR,2021-11-06 13:52:33,-19.0092,-57.6533,62.51,88,90,11.5
265,Port Lincoln,AU,2021-11-06 13:52:33,-34.7333,135.8667,56.34,67,100,12.1
266,Naze,JP,2021-11-06 13:52:33,28.3667,129.4833,69.78,90,100,10.25
267,Gimli,CA,2021-11-06 13:52:34,50.6336,-96.9907,39.22,93,0,5.75
268,Talara,PE,2021-11-06 13:52:34,-4.5772,-81.2719,68.76,77,0,21.85
269,Narsaq,GL,2021-11-06 13:52:34,60.9167,-46.05,23.74,88,100,11.32
270,Hervey Bay,AU,2021-11-06 13:52:35,-25.2986,152.8535,74.03,75,34,7.94
271,Khandyga,RU,2021-11-06 13:52:35,62.6667,135.6,-1.44,98,98,4.07
272,Sungaipenuh,ID,2021-11-06 13:52:35,-2.0833,101.3833,66.22,99,100,1.77
273,Lebu,CL,2021-11-06 13:52:36,-37.6167,-73.65,58.03,75,62,8.08
274,Vilhena,BR,2021-11-06 13:52:36,-12.7406,-60.1458,75.42,88,75,8.05
275,Derzhavinsk,KZ,2021-11-06 13:52:37,51.1,66.3167,30.04,26,67,11.77
276,Nemuro,JP,2021-11-06 13:52:37,43.3236,145.575,47.14,74,20,11.01
277,Petropavlovsk-Kamchatskiy,RU,2021-11-06 13:52:38,53.0452,158.6483,28.99,59,75,8.95
278,Nuevo Progreso,MX,2021-11-06 13:53:38,23.1667,-97.95,66.6,72,6,6.55
279,Tahe,CN,2021-11-06 13:53:38,52.3333,124.7333,16.05,44,17,3.67
280,Hobyo,SO,2021-11-06 13:53:39,5.3505,48.5268,81.93,63,22,10.96
281,Kahului,US,2021-11-06 13:53:39,20.8947,-156.47,77.85,77,1,13.8
282,Vinh,VN,2021-11-06 13:53:40,18.6667,105.6667,76.64,92,23,5.12
283,Bouna,CI,2021-11-06 13:53:40,9.2667,-3.0,96.94,28,100,5.86
284,Upington,ZA,2021-11-06 13:53:40,-28.4478,21.2561,84.58,15,0,6.91
285,Thompson,CA,2021-11-06 13:53:41,55.7435,-97.8558,30.36,93,90,10.36
286,Huanuni,BO,2021-11-06 13:53:41,-18.2667,-66.85,43.29,16,52,4.32
287,Vargashi,RU,2021-11-06 13:53:42,55.3556,65.8467,33.13,63,100,16.28
288,Bud,US,2021-11-06 13:53:42,39.447,-86.1758,39.18,86,9,3.44
289,Kholtoson,RU,2021-11-06 13:53:42,50.2981,103.3097,11.52,58,91,3.22
290,Esperance,AU,2021-11-06 13:53:43,-33.8667,121.9,51.64,70,0,7.43
291,Toba,JP,2021-11-06 13:53:43,34.4833,136.85,59.0,81,100,12.15
292,Ushtobe,KZ,2021-11-06 13:53:44,45.2514,77.9838,18.3,86,5,7.45
293,La Cruz,MX,2021-11-06 13:53:44,23.9167,-106.9,69.48,96,3,2.95
294,Vanimo,PG,2021-11-06 13:53:44,-2.6741,141.3028,77.36,89,56,4.61
295,Duncan,US,2021-11-06 13:49:23,34.5023,-97.9578,40.35,93,1,4.61
296,Altus,US,2021-11-06 13:53:45,34.6381,-99.334,41.07,90,1,8.05
297,Northam,GB,2021-11-06 13:53:45,51.0333,-4.2167,56.82,83,70,22.93
298,Boyolangu,ID,2021-11-06 13:53:46,-8.1181,111.8935,78.58,88,98,1.25
299,Churapcha,RU,2021-11-06 13:53:46,62.0025,132.4325,2.37,98,99,2.95
300,Lixourion,GR,2021-11-06 13:53:46,38.2019,20.4314,75.2,61,100,1.48
301,Urdoma,RU,2021-11-06 13:53:47,61.7533,48.5442,43.61,84,100,12.12
302,Macamic,CA,2021-11-06 13:53:47,48.7502,-78.9996,41.23,85,100,12.75
303,Isilkul,RU,2021-11-06 13:53:48,54.9109,71.2728,33.91,57,100,14.32
304,Balkhash,KZ,2021-11-06 13:53:48,46.844,74.9804,30.67,25,6,4.0
305,Santa Rosa,PH,2021-11-06 13:53:38,14.3122,121.1114,85.1,76,28,7.2
306,Vardo,NO,2021-11-06 13:53:48,70.3705,31.1107,35.82,69,100,27.11
307,Santa Marta,CO,2021-11-06 13:53:49,11.2408,-74.199,83.25,68,14,2.37
308,Ternate,ID,2021-11-06 13:53:49,0.8,127.4,80.94,80,97,2.3
309,Riosucio,CO,2021-11-06 13:50:13,5.4216,-75.7032,66.63,78,82,0.85
310,Speightstown,BB,2021-11-06 13:53:50,13.25,-59.65,86.61,72,85,16.89
311,Kruisfontein,ZA,2021-11-06 13:53:50,-34.0033,24.7314,63.88,65,100,6.46
312,Kyra,RU,2021-11-06 13:53:50,49.5776,111.9753,12.99,55,0,3.24
313,Kisangani,CD,2021-11-06 13:53:51,0.5167,25.2,94.21,38,49,0.81
314,Monrovia,LR,2021-11-06 13:53:51,6.3005,-10.7969,85.77,68,64,9.48
315,Souillac,MU,2021-11-06 13:53:52,-20.5167,57.5167,80.37,78,75,9.22
316,Amurzet,RU,2021-11-06 13:53:52,47.6967,131.0981,19.51,42,37,5.95
317,Megalopoli,GR,2021-11-06 13:53:52,37.4011,22.1422,72.41,45,100,1.99
318,Codrington,AU,2021-11-06 13:53:53,-38.2667,141.9667,52.47,84,100,12.15
319,Kohlu,PK,2021-11-06 13:53:53,29.8962,69.252,65.77,26,2,6.2
320,Donskoye,RU,2021-11-06 13:53:54,45.4552,41.9741,64.35,61,99,9.62
321,Dinghai,CN,2021-11-06 13:53:54,26.2847,119.7936,68.92,93,63,12.1
322,Solnechnyy,RU,2021-11-06 13:53:54,50.7214,136.6319,17.29,41,0,12.1
323,Talaya,RU,2021-11-06 13:54:55,61.3833,152.75,13.15,93,100,6.71
324,Mount Gambier,AU,2021-11-06 13:54:55,-37.8333,140.7667,51.71,100,90,10.36
325,San Quintin,MX,2021-11-06 13:54:56,30.4833,-115.95,59.72,88,1,0.2
326,Roald,NO,2021-11-06 13:54:56,62.5833,6.1333,43.0,81,0,12.66
327,Kant,IN,2021-11-06 13:54:56,27.8,79.8,70.84,44,37,5.46
328,Benghazi,LY,2021-11-06 13:54:57,32.1167,20.0667,79.72,44,6,6.11
329,Marsh Harbour,BS,2021-11-06 13:54:57,26.5412,-77.0636,80.29,78,100,19.28
330,Batagay-Alyta,RU,2021-11-06 13:54:57,67.8006,130.4114,-5.3,81,100,6.53
331,Maharajganj,IN,2021-11-06 13:54:58,27.1333,83.5667,68.34,57,57,5.14
332,Lerwick,GB,2021-11-06 13:54:58,60.1545,-1.1494,50.0,95,100,29.8
333,Lazaro Cardenas,MX,2021-11-06 13:54:59,17.9583,-102.2,76.6,85,100,4.45
334,Puerto Del Rosario,ES,2021-11-06 13:54:59,28.5004,-13.8627,73.15,56,20,27.63
335,Belaya Gora,RU,2021-11-06 13:54:59,68.5333,146.4167,0.5,99,89,2.28
336,Hope,US,2021-11-06 13:52:47,33.6671,-93.5916,35.65,63,0,2.57
337,Palimbang,PH,2021-11-06 13:55:00,6.2106,124.1894,78.62,88,69,3.38
338,Dedougou,BF,2021-11-06 13:55:00,12.4667,-3.4667,102.92,15,3,9.64
339,Terekli-Mekteb,RU,2021-11-06 13:55:01,44.1671,45.8698,51.44,57,7,18.75
340,Platonovka,RU,2021-11-06 13:55:01,52.7106,41.952,50.47,94,100,8.86
341,Kariba,ZW,2021-11-06 13:55:02,-16.5167,28.8,97.29,22,29,2.15
342,Murfreesboro,US,2021-11-06 13:51:35,35.8456,-86.3903,43.59,93,0,0.0
343,Tiksi,RU,2021-11-06 13:55:03,71.6872,128.8694,-3.21,91,77,11.56
344,Rio Grande,BR,2021-11-06 13:51:46,-32.035,-52.0986,66.94,71,99,18.43
345,Dunmore Town,BS,2021-11-06 13:55:04,25.5,-76.65,80.56,79,100,19.57
346,Abha,SA,2021-11-06 13:55:05,18.2164,42.5053,69.62,30,40,12.66
347,Huejuquilla El Alto,MX,2021-11-06 13:55:06,22.6,-103.8667,56.79,49,0,3.62
348,Bone,DE,2021-11-06 13:55:06,51.9669,12.1396,55.29,71,77,10.22
349,Saint Anthony,US,2021-11-06 13:53:46,45.0205,-93.218,46.98,84,1,1.01
350,Dzhebariki-Khaya,RU,2021-11-06 13:55:07,62.2167,135.8,-6.18,99,97,2.59
351,Ancud,CL,2021-11-06 13:55:07,-41.8697,-73.8203,53.13,68,7,4.74
352,Scarborough,GB,2021-11-06 13:53:34,54.2797,-0.4044,55.51,79,100,4.0
353,Shimoda,JP,2021-11-06 13:55:07,34.6667,138.95,58.1,86,100,12.06
354,Pevek,RU,2021-11-06 13:55:08,69.7008,170.3133,-9.4,94,79,7.58
355,Akyab,MM,2021-11-06 13:55:08,20.15,92.9,78.17,73,1,10.94
356,Kropotkin,RU,2021-11-06 13:55:09,45.4375,40.5756,60.06,60,83,1.95
357,Melita,CA,2021-11-06 13:55:09,49.2681,-100.9967,39.83,54,54,6.6
358,Te Anau,NZ,2021-11-06 13:55:10,-45.4167,167.7167,47.1,91,15,1.66
359,Mandali,IQ,2021-11-06 13:55:10,33.7499,45.5541,79.47,30,1,1.72
360,Bireun,ID,2021-11-06 13:55:11,5.203,96.7009,79.56,86,100,6.15
361,Hasanabad,IR,2021-11-06 13:55:11,36.5465,61.0543,43.36,16,100,5.1
362,Koupela,BF,2021-11-06 13:55:12,12.1794,-0.3517,100.06,15,52,10.16
363,Gunjur,GM,2021-11-06 13:55:12,13.2019,-16.7339,86.05,50,56,9.26
364,Murray Bridge,AU,2021-11-06 13:55:12,-35.1167,139.2667,62.49,82,99,13.0
365,Muros,ES,2021-11-06 13:55:13,42.7762,-9.0603,60.1,52,6,9.06
366,Matara,LK,2021-11-06 13:56:13,5.9485,80.5353,77.59,89,98,11.45
367,Tomatlan,MX,2021-11-06 13:56:13,19.9333,-105.25,72.55,87,21,3.62
368,Baykit,RU,2021-11-06 13:56:14,61.67,96.37,13.64,98,98,1.21
369,Umm Lajj,SA,2021-11-06 13:56:14,25.0213,37.2685,84.13,59,0,9.62
370,Batatais,BR,2021-11-06 13:56:15,-20.8911,-47.585,84.18,34,62,0.92
371,San Felipe,VE,2021-11-06 13:56:15,10.3399,-68.7425,84.76,62,74,2.48
372,Rockhampton,AU,2021-11-06 13:56:15,-23.3833,150.5,75.09,73,90,1.14
373,Krutinka,RU,2021-11-06 13:56:16,56.0055,71.5113,35.02,72,100,18.52
374,Roseburg,US,2021-11-06 13:56:16,43.2165,-123.3417,47.37,87,100,5.93
375,Mandalgovi,MN,2021-11-06 13:56:16,45.7625,106.2708,12.49,60,0,12.35
376,Suihua,CN,2021-11-06 13:56:17,46.6406,126.9969,23.81,32,100,5.06
377,Olafsvik,IS,2021-11-06 13:56:17,64.8945,-23.7142,34.99,93,100,20.78
378,Fortuna,US,2021-11-06 13:56:18,40.5982,-124.1573,51.42,76,90,0.0
379,Slave Lake,CA,2021-11-06 13:56:18,55.2834,-114.769,35.58,80,75,14.97
380,Tortoli,IT,2021-11-06 13:56:18,39.9256,9.6572,58.98,83,96,14.99
381,Harper,LR,2021-11-06 13:56:19,4.375,-7.7169,83.1,72,99,7.72
382,Cayenne,GF,2021-11-06 13:54:50,4.9333,-52.3333,84.24,82,75,8.01
383,Chicama,PE,2021-11-06 13:56:19,-7.8447,-79.1469,61.34,72,100,7.9
384,Vila Franca Do Campo,PT,2021-11-06 13:56:20,37.7167,-25.4333,75.2,70,68,16.51
385,Klyuchi,RU,2021-11-06 13:56:20,52.2667,79.1667,25.77,93,100,8.14
386,Zyryanka,RU,2021-11-06 13:56:20,65.75,150.85,13.14,85,100,7.05
387,Port Augusta,AU,2021-11-06 13:56:21,-32.5,137.7667,62.74,81,100,17.49
388,Bonthe,SL,2021-11-06 13:56:21,7.5264,-12.505,85.14,70,31,7.92
389,Rize,TR,2021-11-06 13:56:21,40.9044,40.8949,43.11,81,3,0.29
390,Batangafo,CF,2021-11-06 13:56:22,7.3008,18.2833,88.75,51,57,5.32
391,Sulz,DE,2021-11-06 13:56:22,48.3624,8.6331,49.8,72,12,2.01
392,Shahreza,IR,2021-11-06 13:56:23,32.0339,51.8794,47.7,56,84,14.03
393,Wattegama,LK,2021-11-06 13:56:23,6.7989,81.4808,77.92,90,100,3.13
394,Aklavik,CA,2021-11-06 13:56:23,68.2191,-135.0107,17.6,93,90,10.36
395,Ewa Beach,US,2021-11-06 13:56:24,21.3156,-158.0072,76.98,72,90,11.99
396,Santa Barbara,US,2021-11-06 13:52:48,34.7333,-120.0343,49.82,99,90,0.0
397,Radhanpur,IN,2021-11-06 13:56:24,23.8333,71.6,80.62,24,50,4.25
398,Dancheng,CN,2021-11-06 13:56:25,33.6333,115.1833,61.79,93,100,3.94
399,Namibe,AO,2021-11-06 13:56:25,-15.1961,12.1522,75.83,64,40,13.8
400,Ghanzi,BW,2021-11-06 13:56:25,-21.5667,21.7833,99.73,14,72,10.36
401,Keetmanshoop,NA,2021-11-06 13:56:26,-26.5833,18.1333,85.12,15,60,10.07
402,Jiayuguan,CN,2021-11-06 13:56:26,39.8167,98.3,9.34,52,0,7.38
403,Tabuk,PH,2021-11-06 13:56:26,17.4189,121.4443,75.79,92,28,3.04
404,Etchoropo,MX,2021-11-06 13:56:27,26.7667,-109.6667,72.37,45,96,3.74
405,Huarmey,PE,2021-11-06 13:56:27,-10.0681,-78.1522,66.96,81,96,8.63
406,Richards Bay,ZA,2021-11-06 13:56:28,-28.783,32.0377,75.99,74,46,11.65
407,Zhangye,CN,2021-11-06 13:56:28,38.9342,100.4517,10.29,65,27,4.76
408,Thaton,MM,2021-11-06 13:56:28,16.9206,97.3714,79.21,82,24,2.3
409,Necochea,AR,2021-11-06 13:56:10,-38.5473,-58.7368,60.04,46,89,8.1
410,Vao,NC,2021-11-06 13:57:29,-22.6667,167.4833,67.62,62,10,5.28
411,Charters Towers,AU,2021-11-06 13:57:29,-20.1,146.2667,72.03,79,50,16.31
412,Mazagao,BR,2021-11-06 13:57:30,-0.115,-51.2894,91.45,47,100,5.88
413,Maler Kotla,IN,2021-11-06 13:57:30,30.5167,75.8833,73.13,30,0,6.91
414,Melong,CM,2021-11-06 13:57:30,5.1218,9.9614,79.12,76,77,1.07
415,Inirida,CO,2021-11-06 13:57:31,3.8653,-67.9239,83.34,74,80,2.19
416,Santa Fe,AR,2021-11-06 13:57:31,-31.6333,-60.7,67.01,57,36,4.0
417,Ugento,IT,2021-11-06 13:57:32,39.9263,18.1574,69.46,73,100,6.4
418,Dillon,US,2021-11-06 13:57:32,34.4166,-79.3712,48.97,55,100,18.3
419,San Vicente,AR,2021-11-06 13:57:33,-26.6167,-54.1333,75.96,67,98,3.58
420,Gonaives,HT,2021-11-06 13:57:33,19.45,-72.6833,85.15,60,7,3.0
421,Lompoc,US,2021-11-06 13:57:33,34.6391,-120.4579,54.57,98,90,6.91
422,Rajampet,IN,2021-11-06 13:57:34,14.1833,79.1667,76.08,87,100,2.21
423,Mombetsu,JP,2021-11-06 13:57:34,44.3525,143.3525,43.86,82,1,7.36
424,Hue,VN,2021-11-06 13:57:34,16.4667,107.6,80.71,83,40,8.05
425,Kenitra,MA,2021-11-06 13:57:35,34.261,-6.5802,66.96,39,0,14.38
426,Tuatapere,NZ,2021-11-06 13:57:35,-46.1333,167.6833,50.83,90,63,2.44
427,Makurdi,NG,2021-11-06 13:57:36,7.7411,8.5121,94.1,43,99,4.65
428,Lokoja,NG,2021-11-06 13:57:36,7.8024,6.743,94.3,42,3,3.13
429,Biltine,TD,2021-11-06 13:57:36,14.5333,20.9167,96.64,12,1,6.8
430,Kavaratti,IN,2021-11-06 13:57:37,10.5669,72.642,82.42,73,8,11.34
431,Rocha,UY,2021-11-06 13:57:37,-34.4833,-54.3333,65.77,55,100,13.42
432,Urumqi,CN,2021-11-06 13:57:37,43.801,87.6005,23.95,43,0,4.47
433,Sarkikaraagac,TR,2021-11-06 13:57:38,38.0794,31.3664,63.46,26,5,4.94
434,Nieuw Amsterdam,SR,2021-11-06 13:57:38,5.8833,-55.0833,86.02,80,40,4.61
435,Calvinia,ZA,2021-11-06 13:57:38,-31.4707,19.776,71.28,24,7,13.91
436,Cabanas,CU,2021-11-06 13:57:39,22.9758,-82.9219,77.56,69,99,14.5
437,Pozo Colorado,PY,2021-11-06 13:57:39,-23.4923,-58.7972,60.8,83,100,9.22
438,Samarai,PG,2021-11-06 13:57:39,-10.6167,150.6667,82.62,77,18,14.29
439,Nang Rong,TH,2021-11-06 13:57:40,14.6377,102.7914,79.77,88,53,2.62
440,Porto Novo,BJ,2021-11-06 13:57:40,6.4965,2.6036,86.32,63,97,10.47
441,Beringovskiy,RU,2021-11-06 13:57:40,63.05,179.3167,11.1,77,99,8.59
442,Colquechaca,BO,2021-11-06 13:57:41,-18.6667,-66.0167,42.58,49,83,3.58
443,Lata,PT,2021-11-06 13:57:41,40.1629,-8.3327,65.07,36,0,10.09
444,Snezhnogorsk,RU,2021-11-06 13:57:41,69.1933,33.2531,31.78,98,100,25.01
445,Santa Lucia,ES,2021-11-06 13:57:42,27.9117,-15.5407,65.77,55,75,25.32
446,Tazovskiy,RU,2021-11-06 13:57:42,67.4667,78.7,25.7,96,100,19.24
447,Egvekinot,RU,2021-11-06 13:57:42,66.3167,-179.1667,-12.03,93,49,1.01
448,Ambalavao,MG,2021-11-06 13:57:43,-21.8333,46.9333,70.43,66,21,8.16
449,Atasu,KZ,2021-11-06 13:57:43,48.6814,71.6433,27.68,23,9,3.83
450,Zatoka,UA,2021-11-06 13:57:44,46.0725,30.4654,57.74,63,100,11.32
451,Porto Walter,BR,2021-11-06 13:57:44,-8.2686,-72.7439,87.75,52,23,4.7
452,San Policarpo,PH,2021-11-06 13:57:44,12.1791,125.5072,82.0,83,100,11.41
453,Hamilton,US,2021-11-06 13:56:14,39.1834,-84.5333,42.24,84,0,1.74
454,Ampanihy,MG,2021-11-06 13:58:45,-24.7,44.75,82.74,28,11,16.71
455,Walvis Bay,NA,2021-11-06 13:58:45,-22.9575,14.5053,77.95,41,0,13.8
456,Changji,CN,2021-11-06 13:58:45,44.0167,87.3167,27.39,43,0,4.47
457,Itamaraju,BR,2021-11-06 13:58:46,-17.0392,-39.5311,83.34,63,99,5.32
458,Uray,RU,2021-11-06 13:58:46,60.1247,64.7758,36.7,84,100,17.38
459,Ipatinga,BR,2021-11-06 13:55:54,-19.4683,-42.5367,76.05,84,100,3.13
460,Masterton,NZ,2021-11-06 13:58:47,-40.9597,175.6575,56.77,100,100,2.44
461,Shingu,JP,2021-11-06 13:58:47,33.7333,135.9833,57.94,75,100,6.51
462,Gigmoto,PH,2021-11-06 13:58:48,13.7796,124.39,80.42,89,99,7.36
463,Jumla,NP,2021-11-06 13:55:03,29.2747,82.1838,42.8,58,34,4.81
464,Ilulissat,GL,2021-11-06 13:58:48,69.2167,-51.1,8.71,77,100,5.73
465,Vuktyl,RU,2021-11-06 13:58:48,63.8567,57.3094,39.42,95,100,14.43
466,Champerico,GT,2021-11-06 13:58:49,14.3,-91.9167,88.03,81,22,3.33
467,Buala,SB,2021-11-06 13:58:49,-8.145,159.5921,80.06,82,12,7.4
468,Shetpe,KZ,2021-11-06 13:58:50,44.1667,52.1167,42.46,32,0,8.52
469,Mwene-Ditu,CD,2021-11-06 13:58:50,-7.0,23.45,81.88,57,80,5.19
470,Yaan,NG,2021-11-06 13:58:50,7.3833,8.5667,91.33,47,86,1.88
471,Lurgan,GB,2021-11-06 13:58:51,54.4608,-6.3294,56.64,81,89,22.12
472,Doha,QA,2021-11-06 13:58:51,25.2867,51.5333,84.18,45,0,6.91
473,Itoman,JP,2021-11-06 13:58:51,26.1247,127.6694,77.02,78,75,16.11
474,Sambava,MG,2021-11-06 13:58:52,-14.2667,50.1667,79.65,72,77,12.3
475,Tecpatan,MX,2021-11-06 13:58:52,17.1333,-93.3,68.04,84,96,3.53
476,Belaya Kalitva,RU,2021-11-06 13:58:53,48.17,40.78,52.74,65,99,5.97
477,Magalia,US,2021-11-06 13:58:53,39.8121,-121.5783,50.11,88,100,1.99
478,Kharp,RU,2021-11-06 13:58:53,66.8014,65.8081,31.64,99,100,5.73
479,Nuuk,GL,2021-11-06 13:58:54,64.1835,-51.7216,27.88,86,97,5.01
480,Mhlambanyatsi,SZ,2021-11-06 13:58:54,-26.45,31.0167,81.63,39,59,6.64
481,Shenjiamen,CN,2021-11-06 13:58:54,29.9576,122.298,68.7,86,34,16.96
482,Rio Gallegos,AR,2021-11-06 13:57:23,-51.6226,-69.2181,53.65,58,75,2.3
483,Livermore,US,2021-11-06 13:55:16,37.6819,-121.768,55.6,96,98,3.06
484,Mareeba,AU,2021-11-06 13:58:55,-17.0,145.4333,70.52,92,0,3.49
485,Oriximina,BR,2021-11-06 13:58:55,-1.7656,-55.8661,92.7,48,99,3.58
486,Amahai,ID,2021-11-06 13:58:56,-3.3333,128.9167,80.31,82,89,2.66
487,Japura,ID,2021-11-06 13:58:56,-0.3167,102.35,76.62,94,100,2.66
488,Houma,US,2021-11-06 13:58:56,29.5958,-90.7195,55.99,85,40,8.05
489,Pontianak,ID,2021-11-06 13:58:57,-0.0333,109.3333,80.58,88,40,0.0
490,Killarney,IE,2021-11-06 13:58:57,52.05,-9.5167,57.25,94,90,18.41
491,Camden,US,2021-11-06 13:58:58,39.7835,-74.9663,48.76,81,99,6.51
492,Arlit,NE,2021-11-06 13:58:58,18.7369,7.3853,97.2,9,0,3.42
493,Beinamar,TD,2021-11-06 13:58:58,8.6698,15.3813,96.76,27,36,6.22
494,Khandagayty,RU,2021-11-06 13:58:59,50.7333,92.05,11.89,86,100,1.63
495,Tondano,ID,2021-11-06 13:58:59,1.3038,124.9112,68.09,94,85,1.16
496,Fredericton,CA,2021-11-06 13:58:59,45.9454,-66.6656,33.04,80,1,5.75
497,Pak Phanang,TH,2021-11-06 14:00:00,8.3511,100.202,80.62,78,100,4.16
498,Palembang,ID,2021-11-06 13:57:00,-2.9167,104.7458,77.7,89,100,2.93
499,Aljezur,PT,2021-11-06 14:00:01,37.3191,-8.8033,64.27,29,0,12.24
500,Nampula,MZ,2021-11-06 14:00:02,-15.1165,39.2666,97.84,16,90,9.1
501,Raquira,CO,2021-11-06 14:00:04,5.5379,-73.632,65.05,61,94,3.6
502,Talcahuano,CL,2021-11-06 14:00:05,-36.7167,-73.1167,54.57,79,96,7.27
503,Nizhniy Odes,RU,2021-11-06 14:00:06,63.6445,54.856,38.53,93,97,10.67
504,Mecca,SA,2021-11-06 14:00:09,21.4267,39.8261,87.6,40,0,16.06
505,Muisne,EC,2021-11-06 14:00:09,0.6,-80.0333,75.49,87,100,10.63
506,Rosita,NI,2021-11-06 14:00:11,13.9268,-84.4032,77.92,84,88,5.88
507,Tibati,CM,2021-11-06 14:00:12,6.4667,12.6333,84.96,50,58,5.7
508,Zlobin,HR,2021-11-06 14:00:13,45.2924,14.6541,49.37,53,0,12.66
509,Chiang Klang,TH,2021-11-06 14:00:14,19.2938,100.8617,74.97,85,8,0.78
510,Eureka,US,2021-11-06 14:00:15,40.8021,-124.1637,51.67,95,100,1.99
511,Carroll,US,2021-11-06 14:00:15,39.5501,-77.0164,44.11,65,1,1.99
512,Qianan,CN,2021-11-06 14:00:16,44.9932,124.0581,25.66,30,100,8.25
513,Kargil,IN,2021-11-06 14:00:17,34.5667,76.1,24.4,76,8,3.24
514,Kingsport,US,2021-11-06 13:55:49,36.5484,-82.5618,42.91,76,95,1.99
515,Verkhnevilyuysk,RU,2021-11-06 14:00:18,63.4453,120.3167,10.49,94,100,6.13
516,Ponta Delgada,PT,2021-11-06 14:00:19,37.7333,-25.6667,75.51,78,20,20.71
517,Ilebo,CD,2021-11-06 14:00:19,-4.3167,20.5833,92.1,44,100,3.33
518,Patos,BR,2021-11-06 14:00:20,-7.0244,-37.28,90.21,39,100,2.19
519,Majene,ID,2021-11-06 14:00:20,-3.5403,118.9707,78.33,91,100,2.68
520,Chishtian Mandi,PK,2021-11-06 14:00:21,29.8,72.8667,75.69,23,2,4.25
521,Kaseda,JP,2021-11-06 13:56:07,31.4167,130.3167,64.35,87,100,15.68
522,Salamiyah,SY,2021-11-06 14:00:21,35.0113,37.0532,75.11,28,0,8.03
523,Bom Jesus,BR,2021-11-06 14:00:22,-9.0744,-44.3586,84.85,67,56,3.62
524,Mossendjo,CG,2021-11-06 14:00:23,-2.9506,12.7261,75.25,95,100,1.63
525,Lodja,CD,2021-11-06 14:00:23,-3.4833,23.4333,78.62,78,94,2.89
526,Moose Factory,CA,2021-11-06 14:00:24,51.2585,-80.6094,41.16,81,56,12.15
527,Jackson,US,2021-11-06 13:58:37,42.4165,-122.8345,45.79,95,100,1.19
528,Bima,ID,2021-11-06 14:00:24,-8.4667,118.7167,80.37,84,97,1.95
529,Kikwit,CD,2021-11-06 14:00:24,-5.041,18.8162,87.22,56,99,2.66
530,Erdenet,MN,2021-11-06 14:00:25,49.0333,104.0833,8.67,70,27,3.0
531,Lively,CA,2021-11-06 14:00:25,46.4334,-81.1498,46.02,72,71,11.3
532,Acapetahua,MX,2021-11-06 14:00:26,15.2833,-92.7,78.37,69,34,2.89
533,Huangcun,CN,2021-11-06 14:00:26,30.0145,118.4037,63.77,91,98,3.51
534,Reinosa,ES,2021-11-06 14:00:27,42.9996,-4.138,48.34,83,72,9.13
535,Nahrin,AF,2021-11-06 14:00:27,36.0649,69.1334,43.07,54,0,0.87
536,Mayumba,GA,2021-11-06 14:00:27,-3.432,10.6554,79.2,84,99,10.29
537,Sistranda,NO,2021-11-06 14:00:28,63.7256,8.834,43.9,69,77,7.78
538,Meadow Lake,US,2021-11-06 14:00:28,34.8014,-106.5436,52.39,33,84,1.57
539,Satkhira,BD,2021-11-06 14:00:16,22.7167,89.1,77.0,57,14,4.36
540,Sakakah,SA,2021-11-06 14:00:29,29.9697,40.2064,76.33,23,0,7.92
541,Wynyard,AU,2021-11-06 13:56:28,-41.0,145.7167,57.13,96,95,8.81
542,Tatarsk,RU,2021-11-06 14:00:29,55.219,75.9828,30.74,88,100,11.03
543,Sukabumi,ID,2021-11-06 14:00:29,-6.9181,106.9267,72.77,97,100,2.39
544,Saint-Georges,GD,2021-11-06 14:00:26,12.0564,-61.7485,83.3,72,62,15.21
545,Cartersville,US,2021-11-06 14:01:30,34.1651,-84.7999,48.51,83,40,0.0
546,La Ronge,CA,2021-11-06 14:01:30,55.1001,-105.2842,35.82,93,90,4.61
547,Gwadar,PK,2021-11-06 14:01:31,25.1216,62.3254,79.77,64,0,9.35
548,Goderich,CA,2021-11-06 14:01:31,43.7501,-81.7165,43.03,68,95,17.74
549,Hearst,CA,2021-11-06 14:01:31,49.6835,-83.6665,42.6,79,20,11.05
550,Fairlie,GB,2021-11-06 14:01:32,55.756,-4.8556,55.4,91,71,11.99
551,Arnedo,ES,2021-11-06 14:01:32,42.2167,-2.1,52.16,50,5,24.52
